상호명,도로명주소,경도,위도
커피로스팅하우스,서울특별시 성북구 장월로 81,127.0488267,37.6131811
생활회관,서울특별시 성북구 안암로 25,127.0252573,37.580014
몽클락,서울특별시 성북구 오패산로17길 21-18,127.0349836,37.6074377
더플롯커피&플라워,서울특별시 성북구 보문로29길 119,127.0122842,37.58534093
모아,서울특별시 성북구 북악산로29길 5,127.0349087,37.59257138
나우커피,서울특별시 성북구 돌곶이로 220,127.0465311,37.61898439
공차,서울특별시 성북구 종암로 120,127.034437,37.60102281
개화가배,서울특별시 성북구 고려대로7길 32,127.0207196,37.587385
한월당,서울특별시 성북구 지봉로23길 4,127.018783,37.58540314
우리들cafe,서울특별시 성북구 동소문로46길 10,127.029366,37.6068626
일레브커피,서울특별시 성북구 동소문로 52,127.0115378,37.59064785
타이완밀카,서울특별시 성북구 아리랑로 17,127.0158412,37.59438647
민님,서울특별시 성북구 보문로30길 74-1,127.0199845,37.5908089
메가엠지씨커피,서울특별시 성북구 종암로 98,127.0347078,37.59897749
빽다방정릉,서울특별시 성북구 보국문로 50,127.0100796,37.60886602
메가엠지씨커피정릉,서울특별시 성북구 보국문로 36,127.0104872,37.60766767
디폴트커피공방,서울특별시 성북구 보문로38길 11,127.0148216,37.5916566
쏭다방&포차,서울특별시 성북구 보국문로28길 2,127.0055613,37.61618235
디졸브,서울특별시 성북구 화랑로42길 40,127.0643667,37.61384939
메가엠지씨커피한성대입구역점,서울특별시 성북구 동소문로 9,127.0070426,37.58911652
커피볶는부엌,서울특별시 성북구 보문로38길 11,127.0148216,37.5916566
얌저트,서울특별시 성북구 동소문로20다길 31,127.018411,37.59216966
빽다방월곡,서울특별시 성북구 오패산로 46,127.0387096,37.60747258
카페프리헷,서울특별시 성북구 월곡로14길 9,127.0415257,37.60061509
이앤강파트너스,서울특별시 성북구 아리랑로 20,127.0162489,37.59463869
산기가,서울특별시 성북구 아리랑로 27-5,127.0154904,37.5952785
메일빈,서울특별시 성북구 솔샘로4길 50,127.0076107,37.60855987
감나무집,서울특별시 성북구 도봉로3가길 1,127.0290617,37.61053871
카페진,서울특별시 성북구 보문로30라길 22,127.0185803,37.58980903
다올커피,서울특별시 성북구 화랑로48길 16,127.068999,37.61375667
하심당,서울특별시 성북구 동소문로 179-50,127.020734,37.59849423
팔팔구일,서울특별시 성북구 보문로13길 8,127.021612,37.58025799
깡통속별별이야기,서울특별시 성북구 장위로 129,127.0510697,37.61371173
텐퍼센트커피정릉뉴타운점,서울특별시 성북구 정릉로 307,127.0177456,37.60328799
쉬즈베이글커피,서울특별시 성북구 장월로1길 60,127.044881,37.60604683
컴포즈커피꿈의숲,서울특별시 성북구 돌곶이로40길 46,127.049624,37.61982105
로스디아스,서울특별시 성북구 동소문로22길 67,127.0188861,37.59016938
컴포즈커피정릉,서울특별시 성북구 보국문로 11,127.0111664,37.60562236
달콤한송이,서울특별시 성북구 고려대로17가길 77,127.0225203,37.58892537
카페뮬,서울특별시 성북구 동소문로22길 64,127.0185125,37.59026855
스타인하우스,서울특별시 성북구 동소문로26다길 12-2,127.0204045,37.59435874
카페쏙,서울특별시 성북구 장월로1길 66,127.044609,37.60582169
밑줄,서울특별시 성북구 삼선교로23가길 25,127.0131115,37.58959353
놀숲,서울특별시 성북구 보문로34길 62,127.0188636,37.59083612
다음,서울특별시 성북구 성북로26길 35,126.9935343,37.59563072
리이케커피,서울특별시 성북구 보문로34가길 24,127.0202681,37.59251173
빛의화실,서울특별시 성북구 동소문로 92,127.0154897,37.5921881
아이노우,서울특별시 성북구 고려대로7가길 6,127.0214325,37.58625864
모리커피서울,서울특별시 성북구 동소문로22길 48,127.0182635,37.59098037
읍천리382정릉점,서울특별시 성북구 정릉로 251,127.0119137,37.6047213
더텐,서울특별시 성북구 창경궁로 322-6,127.0053894,37.58776512
스튜디오공지/Studio0g,서울특별시 성북구 화랑로 299,127.0608101,37.61365306
카페보다,서울특별시 성북구 서경로 97,127.0133531,37.61146055
카페나우어데이즈,서울특별시 성북구 아리랑로19길 20,127.0122871,37.60260393
빽다방북서울꿈의숲점,서울특별시 성북구 돌곶이로 220,127.0465311,37.61898439
각자의취향,서울특별시 성북구 동소문로17길 15,127.0148558,37.59313422
야킨,서울특별시 성북구 길음로 119,127.0152673,37.6118117
더블유카페,서울특별시 성북구 오패산로3길 72,127.0348586,37.60654576
이디피,서울특별시 성북구 보문로21길 44,127.0182616,37.58306965
메가커피북한산정릉점,서울특별시 성북구 보국문로 167,127.0018915,37.61665999
코지밀,서울특별시 성북구 동소문로26길 6,127.0192494,37.59413369
아빠손나무,서울특별시 성북구 보문로34길 96,127.0206527,37.59114216
시저지,서울특별시 성북구 화랑로32길 59,127.0577137,37.60797838
커피수공업,서울특별시 성북구 고려대로 51,127.0250783,37.58641109
메가엠지씨커피정릉뉴타운점,서울특별시 성북구 정릉로 307,127.0178702,37.6032249
마이셰프,서울특별시 성북구 고려대로24가길 14-1,127.0303652,37.5851845
LettertoLatte,서울특별시 성북구 길음로9길 50,127.0209503,37.60269281
설빙,서울특별시 성북구 동소문로22길 36,127.0179806,37.59145794
이지티,서울특별시 성북구 안암로 145,127.0316913,37.58869802
메가엠지씨커피성북,서울특별시 성북구 보문로 161,127.0165646,37.58874616
엘마드레,서울특별시 성북구 성북로8길 14,127.0045404,37.5910718
탐앤탐스한성대점,서울특별시 성북구 동소문로 48,127.0110056,37.59034157
슬로미,서울특별시 성북구 동소문로32길 7-3,127.0219111,37.59673709
펠어커피초코,서울특별시 성북구 동소문로17길 17,127.0149125,37.59325134
언더그라운드커피웍스,서울특별시 성북구 정릉로6길 23,126.99513,37.61008269
메가커피동소문점,서울특별시 성북구 아리랑로 14,127.0163959,37.59397194
따뜻한하루에,서울특별시 성북구 고려대로30길 8,127.0310448,37.58592313
코지코튼,서울특별시 성북구 북악산로29길 40,127.0346376,37.59408512
무인카페차다방,서울특별시 성북구 한천로68길 39,127.0658692,37.60946074
컴포즈커피안암성북천점,서울특별시 성북구 고려대로7길 74,127.0191688,37.58880884
카페오비스포퍼스트커피랩보문동,서울특별시 성북구 안암로3길 41,127.0228008,37.58066321
메가엠지씨커피장위뉴타운점,서울특별시 성북구 돌곶이로40길 46,127.049624,37.61982105
체리온루프탑,서울특별시 성북구 고려대로24가길 1,127.0295274,37.58532887
케이드,서울특별시 성북구 성북로16길 14,127.0002831,37.59400912
오뜨,서울특별시 성북구 삼선교로16길 116,127.0103932,37.58323279
목영동,서울특별시 성북구 정릉로36길 36,127.0167602,37.60240516
성북동과일카페138,서울특별시 성북구 동소문로23길 8-10,127.0181171,37.59426901
니모스,서울특별시 성북구 성북로8길 26-1,127.0052085,37.59140513
다아는커피,서울특별시 성북구 한천로76길 33-18,127.0645464,37.61214642
늘,서울특별시 성북구 성북로14길 3,127.001053,37.59359466
투썸플레이스,서울특별시 성북구 아리랑로 8,127.0166563,37.59360249
반달,서울특별시 성북구 장월로23길 5-10,127.0478318,37.61587546
리멤버투데이,서울특별시 성북구 솔샘로5길 62,127.0023444,37.61073148
유즈리스어덜트,서울특별시 성북구 보문로18길 25,127.0226089,37.58247425
이삐커피고대,서울특별시 성북구 고려대로 100,127.0304222,37.58619359
고려대학교교육관cafepurpur,서울특별시 성북구 안암로 145,127.0316913,37.58869802
컴포즈커피길음롯데캐슬클라시아점,서울특별시 성북구 숭인로8길 80,127.027102,37.60944898
넉넉커피,서울특별시 성북구 화랑로25길 28,127.0519051,37.60982811
투썸플레이스보문역점,서울특별시 성북구 보문로 125,127.0186473,37.58611495
고종의뜰-굼터/더듀얼로스터즈,서울특별시 성북구 보국문로20길 18,127.0095364,37.61213666
라운드테이블,서울특별시 성북구 보문로30길 40-2,127.0196444,37.58922321
병과점임오반,서울특별시 성북구 동소문로17길 27,127.0151616,37.59361171
파스쿠찌,서울특별시 성북구 동소문로 115-1,127.0176074,37.5935483
카페그림살롱,서울특별시 성북구 정릉로26길 20,127.01137,37.60393749
이오육,서울특별시 성북구 성북로26길 13,126.9943157,37.59496403
메이븐커피스토어,서울특별시 성북구 북악산로31길 34,127.0351018,37.59403093
카페샘,서울특별시 성북구 화랑로15길 26-6,127.0450732,37.60556923
츄스,서울특별시 성북구 삼선교로16길 35,127.0121375,37.58801689
레이첼의티룸,서울특별시 성북구 동소문로34길 24,127.0241203,37.60007933
카페애일,서울특별시 성북구 고려대로24길 3-44,127.0298447,37.58596849
커피프롬,서울특별시 성북구 아리랑로 53,127.0145509,37.59738694
꿈나눔카페,서울특별시 성북구 오패산로3길 83,127.0342132,37.60682526
킨폭스커피,서울특별시 성북구 보국문로 87-22,127.0078488,37.61183045
스프레드,서울특별시 성북구 성북로6가길 1,127.0046649,37.59033298
쥬시,서울특별시 성북구 돌곶이로 63,127.0583263,37.60932055
이립스,서울특별시 성북구 고려대로7길 84-7,127.0189199,37.58942155
심플커피,서울특별시 성북구 장위로 106,127.0484419,37.61354165
제뉴어리피크닉,서울특별시 성북구 창경궁로43길 26,127.0041553,37.58913468
공차,서울특별시 성북구 동소문로22길 4,127.0173242,37.59280052
오버스토리,서울특별시 성북구 선잠로2다길 13-13,126.999615,37.5987213
어버드커피,서울특별시 성북구 화랑로 177-1,127.0500801,37.60749533
디엔에이벤처스제삼호,서울특별시 성북구 동소문로 315,127.0287438,37.60840345
동네커피,서울특별시 성북구 길음로13길 22,127.0193213,37.6094415
정릉동커피,서울특별시 성북구 솔샘로6길 36-16,127.0071237,37.60870406
이디야커피,서울특별시 성북구 월계로40길 7,127.0484027,37.62294798
카페파파고,서울특별시 성북구 종암로 12,127.0366971,37.59144459
카페샐,서울특별시 성북구 보국문로 59,127.0094342,37.60964994
오감공간,서울특별시 성북구 정릉로38다길 34,127.016794,37.6017114
빽다방성신여대입구역점,서울특별시 성북구 동소문로20나길 3,127.0167805,37.59197168
카페그린릿지,서울특별시 성북구 보문로30길 76,127.0200299,37.59088097
토야푸드빌,서울특별시 성북구 성북로2길 4,127.00625,37.58886429
모블러,서울특별시 성북구 동소문로26다길 26,127.0204839,37.59504348
행운마트,서울특별시 성북구 안암로9가길 80-1,127.0284055,37.58252705
라미카페,서울특별시 성북구 정릉로10길 22,127.0003398,37.60775823
소일,서울특별시 성북구 보문로32길 40,127.0184331,37.5900343
하나둘;둘셋,서울특별시 성북구 길음로 33,127.0220155,37.6050442
이젠;봄,서울특별시 성북구 종암로9길 30,127.0338911,37.59591435
카페후프,서울특별시 성북구 장월로 126,127.0493047,37.61657763
달빛스테이,서울특별시 성북구 북악산로31길 39,127.0347283,37.59428331
듀드롭S,서울특별시 성북구 서경로 79,127.0145195,37.61032516
커피향기,서울특별시 성북구 장위로 77-2,127.0455766,37.61399329
이리카페,서울특별시 성북구 화랑로32길 111,127.0592523,37.60593237
오블롱,서울특별시 성북구 보문로 153,127.0172099,37.58824151
그냥그냥,서울특별시 성북구 아리랑로5길 151,127.011177,37.60064889
커피지인,서울특별시 성북구 성북로26길 64,126.9927642,37.59678395
빽다방돈암아리랑점,서울특별시 성북구 아리랑로 75,127.0136227,37.59882863
몰리고;몰리다,서울특별시 성북구 혜화로 88,126.9981883,37.59277474
김민혁커피,서울특별시 성북구 보문로30나길 36,127.0205054,37.59095297
도도화,서울특별시 성북구 아리랑로19길 97,127.0085385,37.60113565
민티,서울특별시 성북구 개운사길 21-3,127.0289281,37.5873112
미스터빈커피,서울특별시 성북구 화랑로 103,127.0430676,37.60372295
제이앤케이프레시,서울특별시 성북구 서경로 124,127.013569,37.61540685
카페스윗정릉점,서울특별시 성북구 보국문로 37,127.0098983,37.60788396
캔캔컴퍼니,서울특별시 성북구 종암로22길 34-16,127.0364638,37.60053567
이모티프커피바,서울특별시 성북구 보문로 187,127.014493,37.59040426
에셀나무,서울특별시 성북구 성북로4길 21,127.006001,37.58998153
컴포즈석관,서울특별시 성북구 돌곶이로18길 4,127.0592435,37.60907683
빽다방석계,서울특별시 성북구 한천로78길 63,127.0648645,37.61325446
성북동콩집,서울특별시 성북구 성북로 58,127.0024118,37.59287384
투영프로젝숀,서울특별시 성북구 보국문로38길 20,126.9989806,37.61891247
카페차이길음뉴타운점,서울특별시 성북구 길음로 33,127.0220155,37.6050442
아마스빈동덕여대점,서울특별시 성북구 화랑로13길 28,127.0422867,37.60459719
스터디101,서울특별시 성북구 종암로21길 128,127.0304859,37.60350162
메가엠지씨커피종암,서울특별시 성북구 종암로27길 13,127.0314368,37.60264543
커피디미방,서울특별시 성북구 솔샘로25길 20,127.0081212,37.61694804
뮈에,서울특별시 성북구 돌곶이로 205,127.046961,37.61807422
커피에반하다,서울특별시 성북구 오패산로10길 30,127.0384366,37.60513009
하이오커피돈암점,서울특별시 성북구 동소문로 186,127.0220136,37.59859311
햇살속으로,서울특별시 성북구 정릉로 346,127.0213916,37.60153045
카페프리헷,서울특별시 성북구 종암로19길 47,127.0321255,37.59783396
공차고대안암,서울특별시 성북구 안암로 145,127.0316913,37.58869802
푸른초장쉴만한물가,서울특별시 성북구 성북로 131,126.9946668,37.59432434
탐앤탐스정릉점,서울특별시 성북구 보국문로 33,127.0101247,37.60737938
복고다방,서울특별시 성북구 종암로 99,127.0341078,37.59921192
스스쿠,서울특별시 성북구 고려대로11길 65,127.020335,37.58887171
꽃이피움,서울특별시 성북구 화랑로13길 60,127.0411781,37.60681402
티앤제이카페,서울특별시 성북구 종암로21길 89,127.0316064,37.60207776
메가엠지씨커피정릉아리랑점,서울특별시 성북구 북악산로 850,127.0183901,37.59897215
알콩달콩,서울특별시 성북구 동소문로24길 27,127.0189546,37.59241284
도이타로카페,서울특별시 성북구 동소문로22길 33,127.0181505,37.59157504
투썸플레이스,서울특별시 성북구 동소문로20다길 17,127.0176976,37.59196254
숲,서울특별시 성북구 보국문로 180,127.0014498,37.61763306
빽다방종암,서울특별시 성북구 종암로 132,127.0335201,37.60191506
밀플렉스,서울특별시 성북구 성북로 76,127.0004416,37.59356763
조셉의커피나무,서울특별시 성북구 성북로31길 65,126.9886088,37.59460322
브릭스,서울특별시 성북구 보문로39길 4,127.013225,37.59142253
작은식당,서울특별시 성북구 한천로78길 19,127.0635154,37.61168748
십육페이지,서울특별시 성북구 돌곶이로 220,127.0465877,37.61889427
정이정,서울특별시 성북구 종암로 82-15,127.0359303,37.59790494
투비어라운드유,서울특별시 성북구 안암로3길 73,127.0220993,37.58191573
리틀빈스,서울특별시 성북구 화랑로11길 21,127.0415725,37.603282
위핑윌로우,서울특별시 성북구 솔샘로4길 8,127.005255,37.60854198
커피에반하다하월곡동점,서울특별시 성북구 오패산로13길 17,127.035527,37.60698705
까쉬,서울특별시 성북구 보문로34길 72-5,127.019543,37.59098017
요거프레소국민대점,서울특별시 성북구 솔샘로1길 20,127.0035562,37.60831679
르한스미니카페,서울특별시 성북구 성북로 55-1,127.0021174,37.59250444
베오베아리카페한국어교육관,서울특별시 성북구 종암로 13,127.0353274,37.59217482
빽다방길음롯데클라시아점,서울특별시 성북구 숭인로8길 80,127.027102,37.60944898
이디야커피,서울특별시 성북구 정릉로 251,127.0119137,37.6047213
성북동350,서울특별시 성북구 성북로31길 84,126.9881786,37.5942608
초코라떼꼰츄로,서울특별시 성북구 성북로 75,127.0005888,37.59319822
일상,서울특별시 성북구 성북로 106,126.9972032,37.59308106
아릇간,서울특별시 성북구 화랑로18길 34,127.0496712,37.60574758
나를위한하루날위한커피,서울특별시 성북구 종암로9길 20,127.034412,37.59587816
스페이스바,서울특별시 성북구 보문로19길 7,127.0204465,37.58242959
씨유삼선동4가점,서울특별시 성북구 삼선교로 69,127.0132133,37.58937728
커피바실리아,서울특별시 성북구 고려대로 1,127.0196322,37.58559221
한라산도새기&커피팔다,서울특별시 성북구 아리랑로19길 79,127.0096256,37.60132477
이디야동덕여대점,서울특별시 성북구 화랑로 99,127.0426938,37.60348883
본카페,서울특별시 성북구 삼선교로 54,127.0117752,37.58849446
칼디카파,서울특별시 성북구 동소문로26다길 34,127.0205066,37.59530476
라운지223,서울특별시 성북구 장월로23길 47-3,127.046428,37.61701127
쎄제르카페,서울특별시 성북구 성북로18길 10,126.9997056,37.59382892
카페쿠피,서울특별시 성북구 보국문로 68,127.0094456,37.61046082
앙시엔,서울특별시 성북구 종암로34길 12,127.0324456,37.60490665
이디야커피석관동점,서울특별시 성북구 돌곶이로8길 22,127.0622652,37.60654349
이디아커피석계,서울특별시 성북구 화랑로40길 61,127.0649443,37.61377699
더로스팅,서울특별시 성북구 정릉로36길 88,127.0138498,37.60248663
올리브동소문점,서울특별시 성북구 동소문로17길 13,127.0147992,37.59308017
시와,서울특별시 성북구 동소문로23길 40-1,127.0166113,37.59503508
카페위로;한모금,서울특별시 성북구 고려대로5길 89,127.0178781,37.5890433
시스터커피,서울특별시 성북구 오패산로3길 38,127.0359452,37.60525702
커피에반하다돌곶이역점,서울특별시 성북구 돌곶이로23길 3,127.0575906,37.60993359
커피베이,서울특별시 성북구 월곡로 108,127.0415829,37.60159715
설빙,서울특별시 성북구 고려대로24길 14,127.0292105,37.5856533
스틸커피,서울특별시 성북구 고려대로8길 23,127.0216586,37.58488008
듀드롭르봉땅,서울특별시 성북구 서경로 79,127.0145195,37.61032516
드디어고려대점,서울특별시 성북구 안암로 145,127.0316913,37.58869802
베이커스코드,서울특별시 성북구 동소문로 9-1,127.0071558,37.58913453
커피앤,서울특별시 성북구 동소문로20나길 6,127.0169729,37.59185453
이디야커피하월곡동점,서울특별시 성북구 오패산로 16,127.0375638,37.60366176
수연산방,서울특별시 성북구 성북로26길 8,126.9948366,37.59505415
카,서울특별시 성북구 월곡로14길 24,127.0414687,37.59985827
놀숲고대,서울특별시 성북구 개운사길 8,127.0295733,37.58698668
공유KYOUYUU,서울특별시 성북구 보문로18길 10,127.0218729,37.58198785
빽다방돈암점,서울특별시 성북구 동소문로 113,127.0174602,37.59344921
스펙스커피바,서울특별시 성북구 동소문로 86-17,127.0152518,37.59151238
카페마노아CAFEMANOA,서울특별시 성북구 보문로34길 51,127.0181277,37.59092633
카페브랑코,서울특별시 성북구 화랑로 245,127.0565267,37.61089816
버클리쿠키,서울특별시 성북구 동소문로11길 5,127.0119116,37.59158485
탐앤탐스,서울특별시 성북구 동소문로22길 15,127.0178336,37.59237697
어나더에이치,서울특별시 성북구 장월로1길 56-9,127.0446093,37.60628119
길음로12,서울특별시 성북구 길음로 12,127.0237707,37.60453931
할리스커피,서울특별시 성북구 동소문로20가길 28,127.0179016,37.59275538
베브릿지고려대점,서울특별시 성북구 고려대로27길 19,127.0296753,37.58722091
왓플,서울특별시 성북구 북악산로 906,127.0223073,37.59601622
조이,서울특별시 성북구 지봉로24길 76,127.0204916,37.58188899
동소문피스커피,서울특별시 성북구 동소문로17길 29-2,127.0152862,37.59382793
유목,서울특별시 성북구 동소문로24길 47,127.0187619,37.59161099
모모양과,서울특별시 성북구 화랑로11길 23,127.0416745,37.60341711
커피명가안암점,서울특별시 성북구 안암로5길 40,127.0234915,37.58087931
델리35,서울특별시 성북구 삼선교로16길 35,127.0121375,37.58801689
디에스와이컴퍼니알루엣,서울특별시 성북구 서경로 60,127.015697,37.60873026
이디야커피장위,서울특별시 성북구 장위로 35,127.0407859,37.61446356
이디야,서울특별시 성북구 오패산로 99,127.0351663,37.61075329
카페더베러,서울특별시 성북구 회기로 7-1,127.0373199,37.59140836
펠리체,서울특별시 성북구 보국문로32길 5,127.0025485,37.61734473
매머드익스프레스MAMMOTHEXPRESS고대,서울특별시 성북구 개운사길 22-6,127.0296754,37.58734705
오오티,서울특별시 성북구 화랑로32가길 9,127.0559479,37.60920458
맨케이브커피,서울특별시 성북구 보문로34길 94,127.0205395,37.59123227
까페부오노,서울특별시 성북구 회기로 5-15,127.0370031,37.59200311
엠오리진,서울특별시 성북구 삼양로 38,127.0240318,37.60645836
카페브릭스,서울특별시 성북구 정릉로26길 6-5,127.0106226,37.60445112
지하서재,서울특별시 성북구 보국문로18길 34,127.0105216,37.61108242
카페트리,서울특별시 성북구 성북로4길 52,127.0127047,37.59446794
커피테크,서울특별시 성북구 동소문로44길 43,127.0303965,37.60652897
오름1077,서울특별시 성북구 삼양로2길 6-6,127.0250618,37.60493548
정인카페로뎀,서울특별시 성북구 서경로6길 70,127.0194452,37.60665742
커피나무,서울특별시 성북구 보문로30길 79,127.0196902,37.59104321
뮤츄얼,서울특별시 성북구 성북로 24,127.004563,37.59020684
로제또,서울특별시 성북구 보문로34길 72,127.0193166,37.59108832
스튜디오에이엠,서울특별시 성북구 안암로5길 72,127.0227333,37.58222194
유정원카페,서울특별시 성북구 보문로30라길 23,127.0185123,37.58964686
마스터빈스커피,서울특별시 성북구 동소문로24가길 21,127.019679,37.59158381
프롬하츠커피보문파크뷰자이,서울특별시 성북구 보문사길 111,127.0178879,37.58287149
에테르',서울특별시 성북구 화랑로21길 60,127.0520064,37.60890004
텐퍼센트커피,서울특별시 성북구 오패산로 59,127.0362407,37.60746435
그라찌에한성대학교점,서울특별시 성북구 삼선교로16길 116,127.0103932,37.58323279
카페프리헷동덕여대점,서울특별시 성북구 화랑로13길 75,127.0407249,37.60634566
별콩다방,서울특별시 성북구 장월로 136,127.0502905,37.61724394
고려대현대차경영관점블루포트,서울특별시 성북구 안암로 145,127.0316913,37.58869802
카페문도,서울특별시 성북구 장위로 27,127.0396193,37.61442791
아트하이,서울특별시 성북구 정릉로21길 18,127.009094,37.60660462
먼셀커피,서울특별시 성북구 동소문로44길 43,127.0303965,37.60652897
하루에,서울특별시 성북구 돌곶이로14길 19,127.0608173,37.60861652
커피베이상,서울특별시 성북구 화랑로18길 25-38,127.0509972,37.6070985
Coffe소,서울특별시 성북구 고려대로24길 48,127.0292891,37.58400447
브루밸류,서울특별시 성북구 화랑로32길 68-1,127.0578945,37.60751879
행복한북까페,서울특별시 성북구 오패산로3길 153,127.0326176,37.60979897
소마,서울특별시 성북구 성북로 89-1,126.998879,37.59290089
카페연,서울특별시 성북구 화랑로19길 70-14,127.0510778,37.60902659
나의우주,서울특별시 성북구 동소문로22길 57-17,127.0193165,37.59082703
아틀리에하모니,서울특별시 성북구 보문로 77-1,127.0207974,37.58210517
카페바이트미,서울특별시 성북구 장월로1길 31,127.0461725,37.60687524
스윗,서울특별시 성북구 성북로2길 35,127.0076427,37.58975619
더홈서울,서울특별시 성북구 고려대로1길 87,127.0173912,37.58886317
아리카페,서울특별시 성북구 안암로 145,127.0316913,37.58869802
카페나누기,서울특별시 성북구 돌곶이로22길 14,127.0587799,37.61004112
성북동연우재,서울특별시 성북구 성북로 15-6,127.0044271,37.58942298
카페차이장위뉴타운점,서울특별시 성북구 돌곶이로 211,127.0462816,37.61841687
투썸플레이스,서울특별시 성북구 길음로 6,127.0243029,37.60428692
카페플라워,서울특별시 성북구 보문로30길 40-6,127.0198595,37.58905199
브라운브릭스,서울특별시 성북구 종암로23길 35,127.0297476,37.59815894
솔샘로58,서울특별시 성북구 솔샘로24길 58,127.0096839,37.61363229
메가엠지씨커피석관점,서울특별시 성북구 돌곶이로 27,127.0609744,37.60678743
데이롱카페정릉국민대점,서울특별시 성북구 정릉로10길 47,126.9995017,37.60771318
알엔비스커피,서울특별시 성북구 월계로40길 7,127.0484027,37.62294798
라라제이,서울특별시 성북구 돌곶이로22길 8,127.0583834,37.6099332
더치앤빈북서울꿈의숲점,서울특별시 성북구 돌곶이로 220,127.0465311,37.61898439
하나비,서울특별시 성북구 삼선교로 20,127.0080727,37.58749467
컴포즈커피고대,서울특별시 성북구 개운사길 22-2,127.0294263,37.5873291
이디야안암래미안점,서울특별시 성북구 보문로30가길 42,127.0220334,37.58900655
카머,서울특별시 성북구 성북로5길 17,127.0040534,37.58881933
써니사이드커피,서울특별시 성북구 고려대로27길 14,127.0299243,37.58693253
올림피코,서울특별시 성북구 보문로26길 71,127.0225652,37.58779011
솜씨공간,서울특별시 성북구 화랑로1길 7,127.0333623,37.60346481
커인스컴퍼니,서울특별시 성북구 종암로19길 99,127.0293173,37.59799687
해모타,서울특별시 성북구 개운사길 60,127.0292458,37.58907707
디터틀,서울특별시 성북구 성북로6길 12,127.0051518,37.58996355
프리스타일,서울특별시 성북구 삼선교로10길 77-1,127.0101556,37.58470143
메가엠지씨커피보문역점,서울특별시 성북구 보문로 124,127.0192021,37.58611486
노리파크성신여대역점,서울특별시 성북구 아리랑로 53,127.0145509,37.59738694
커피스퀘어,서울특별시 성북구 안암로 145,127.0316913,37.58869802
휴그린카페,서울특별시 성북구 개운사길 22-4,127.0295282,37.58733808
천상애장어가,서울특별시 성북구 동소문로6길 22,127.008503,37.58824246
보헤미안커피하우스,서울특별시 성북구 고려대로27길 18,127.0299017,37.58710373
다비,서울특별시 성북구 보문로34가길 9,127.0197471,37.59189914
카페브레송,서울특별시 성북구 고려대로24가길 11,127.0300369,37.58539181
이디야커피성신여대역점,서울특별시 성북구 동소문로17길 40,127.0158977,37.59392696
폴드커피,서울특별시 성북구 종암로 214-3,127.0307939,37.60905164
커피로드,서울특별시 성북구 보문로32길 10,127.0171988,37.58925964
쥬씨월곡,서울특별시 성북구 화랑로 76,127.0404619,37.60183179
플레이스원,서울특별시 성북구 오패산로 79-4,127.0355507,37.60927555
보나때때공방,서울특별시 성북구 정릉로26길 20,127.01137,37.60393749
이디야커피장위뉴타운점,서울특별시 성북구 장월로 144-1,127.0510384,37.61771213
키웨스트커피,서울특별시 성북구 보국문로16길 2,127.0098306,37.61005535
비콤마스테이,서울특별시 성북구 종암로 110,127.034346,37.60009482
황금사탕,서울특별시 성북구 종암로9길 8-10,127.0348876,37.59598614
데이데이,서울특별시 성북구 동소문로22길 14,127.0175958,37.59234097
엠투커피,서울특별시 성북구 보문로 91,127.0200505,37.58342075
카페게이트고대안암점,서울특별시 성북구 고려대로24길 17,127.0295274,37.58543699
복다방,서울특별시 성북구 동소문로 263,127.025175,37.60469218
더텐,서울특별시 성북구 성북로4길 52,127.0127047,37.59446794
경림코퍼레이션주,서울특별시 성북구 성북로31길 5,126.990964,37.59456739
카페051성신여대역점,서울특별시 성북구 동소문로20길 28-4,127.0165765,37.59136805
구월,서울특별시 성북구 보문로30길 43,127.01952,37.58952056
아리카페,서울특별시 성북구 안암로 145,127.0316913,37.58869802
할머니다락방,서울특별시 성북구 서경로 81,127.0143723,37.61047835
아워레스트,서울특별시 성북구 삼선교로16길 16-3,127.0103145,37.58744043
에단스개러지,서울특별시 성북구 동소문로13가길 73,127.0092846,37.59041379
오영,서울특별시 성북구 동소문로26가길 39,127.0212199,37.59495325
롤더다이스,서울특별시 성북구 고려대로 27,127.0223384,37.58642065
어바웃랩,서울특별시 성북구 장월로1마길 5,127.0426831,37.60461507
성북동테이블,서울특별시 성북구 성북로8길 11,127.0043932,37.59114388
아임빈,서울특별시 성북구 개운사길 57-3,127.0290193,37.5888789
369마을사회적협동조합카페마실,서울특별시 성북구 삼선교로4가길 13-1,127.0059554,37.58701727
이디야,서울특별시 성북구 보문로 111,127.019349,37.58494355
공차길음뉴타운점,서울특별시 성북구 길음로 33,127.0220155,37.6050442
김.Coffee,서울특별시 성북구 아리랑로4가길 8-8,127.0173361,37.59550349
달달디저트카페,서울특별시 성북구 보문로36길 28,127.0155234,37.5907465
밀월,서울특별시 성북구 동소문로13가길 71,127.0094544,37.59051289
카폐뮤,서울특별시 성북구 동소문로 64,127.0127268,37.59126941
해인유통,서울특별시 성북구 북악산로 828,127.0157745,37.60018886
영우국민대매점주,서울특별시 성북구 정릉로 77,126.9985277,37.61029001
머그,서울특별시 성북구 동소문로20가길 32,127.0181055,37.59289951
디코이커피로스터스,서울특별시 성북구 고려대로6길 48,127.0213072,37.58361875
BK샵,서울특별시 성북구 동소문로 106,127.0170977,37.5925753
공차,서울특별시 성북구 종암로 167,127.0309961,37.6050602
이디야고대개운점,서울특별시 성북구 개운사길 30,127.0294264,37.58768048
치코커피,서울특별시 성북구 장월로1라길 13,127.0431591,37.60524559
빽다방,서울특별시 성북구 화랑로 91,127.0421046,37.60298449
카페블레싱,서울특별시 성북구 숭인로16길 30,127.0289149,37.61170103
성신여자대학교총동창회,서울특별시 성북구 보문로34다길 2,127.0221474,37.59164644
좋은소리카페길음실버그린이,서울특별시 성북구 삼양로2길 55,127.0267952,37.60672806
카페길음,서울특별시 성북구 삼양로4길 4,127.0244845,37.60562936
카페J제이,서울특별시 성북구 개운사길 36,127.0294492,37.58800483
페인트커피&바,서울특별시 성북구 성북로5길 6,127.0046309,37.58918872
커피라움,서울특별시 성북구 서경로 2,127.0149599,37.60391907
빽다방정릉뉴타운점,서울특별시 성북구 길음로9길 50,127.0209503,37.60269281
피카,서울특별시 성북구 고려대로30길 29,127.0315881,37.58560764
제이드립,서울특별시 성북구 화랑로7길 39,127.0396365,37.6041296
플라워카페야벳,서울특별시 성북구 화랑로 90-20,127.0424889,37.60170494
성북로,서울특별시 성북구 성북로28길 10,126.9938628,37.59508114
빽다방한성대입구역점,서울특별시 성북구 삼선교로 2-1,127.0063065,37.58808042
카페일루오고,서울특별시 성북구 고려대로16길 4,127.0245121,37.58620398
엉클푸,서울특별시 성북구 종암로24가길 53,127.0379701,37.60084153
미루카페,서울특별시 성북구 동소문로20길 28-3,127.0164746,37.59116083
커피바,서울특별시 성북구 길음로7길 28,127.0225133,37.60335025
공방163,서울특별시 성북구 보문로29가길 17-16,127.0158171,37.58775517
스텔라앤클라라,서울특별시 성북구 종암로38길 45,127.0339527,37.60678028
237플랫폼카페,서울특별시 성북구 보국문로11길 7,127.0093094,37.60828945
제이브로빈스,서울특별시 성북구 보문로30길 71,127.0195656,37.59062877
카페별채,서울특별시 성북구 고려대로27길 20,127.0299018,37.58722987
크레프트라온,서울특별시 성북구 동소문로 125,127.018219,37.59416088
낭,서울특별시 성북구 성북로15길 21,126.9997962,37.59278377
메가엠지씨커피,서울특별시 성북구 오패산로 98,127.0356534,37.61085225
날쌘카페길음점,서울특별시 성북구 숭인로2길 56,127.0235796,37.60908934
택스커피,서울특별시 성북구 삼선교로14길 35,127.010405,37.58663854
메가커피고대점,서울특별시 성북구 고려대로27길 15,127.0297092,37.58699566
본연애,서울특별시 성북구 장위로 56,127.0427903,37.61385918
온바로주,서울특별시 성북구 화랑로18자길 13,127.050588,37.60497234
보이즈프롬마스,서울특별시 성북구 장월로1마길 1-7,127.0423887,37.60466924
이젠카페,서울특별시 성북구 삼양로 75-9,127.0221301,37.60972032
뮤지엄가든,서울특별시 성북구 성북로5길 37-2,127.0027966,37.5893059
카페마실,서울특별시 성북구 아리랑로 82,127.0139286,37.60006296
야고비네,서울특별시 성북구 솔샘로17길 8,127.0057536,37.6127766
카페노니다,서울특별시 성북구 동소문로23길 16,127.0173924,37.594161
하룻고양이,서울특별시 성북구 안암로9가길 10,127.0250877,37.58067176
제이와이이앤에프,서울특별시 성북구 서경로 124,127.013569,37.61540685
문화공간북악하늘,서울특별시 성북구 북악산로1다길 26,127.0043257,37.59883835
메가엠지씨커피번동,서울특별시 성북구 월계로40길 7,127.0484027,37.62294798
정;카페,서울특별시 성북구 서경로13길 1,127.0152893,37.60867625
벨로라떼,서울특별시 성북구 월곡로10길 162,127.039053,37.59288543
보리수,서울특별시 성북구 고려대로8길 25,127.0216812,37.58478096
빽다방,서울특별시 성북구 고려대로 99-7,127.030162,37.58671624
메가엠지씨커피월곡,서울특별시 성북구 종암로 167,127.0309961,37.6050602
카페스윗리버,서울특별시 성북구 보문로 82-13,127.0215675,37.58296098
카페로마,서울특별시 성북구 정릉로10길 56,126.9992978,37.60750596
꾸띠에,서울특별시 성북구 안암로 69-1,127.0288584,37.58266209
달콤한위로,서울특별시 성북구 창경궁로43길 24,127.0042006,37.58905358
커피베이성북,서울특별시 성북구 종암로21길 87,127.0316743,37.60199666
웅다방,서울특별시 성북구 동소문로22길 60,127.0184785,37.59043974
아뜰리에렌토,서울특별시 성북구 동소문로23길 62-1,127.0162039,37.59605326
전광수커피숍고대점,서울특별시 성북구 고려대로 104-1,127.0309317,37.58619346
네임드에스프레소,서울특별시 성북구 성북로6길 2-2,127.0054235,37.58950403
공차고대,서울특별시 성북구 고려대로24길 17,127.0295274,37.58543699
카페온더플랜,서울특별시 성북구 동소문로22길 39-4,127.018524,37.59127766
이디야,서울특별시 성북구 보문로34길 100,127.0207886,37.5912052
비스트로홈8587,서울특별시 성북구 동소문로22길 25,127.0180713,37.59188139
카페람람,서울특별시 성북구 동소문로6길 4-10,127.0075973,37.58873807
매머드익스프레스고대,서울특별시 성북구 고려대로22길 61,127.0288813,37.58340991
본테,서울특별시 성북구 보문로29길 93,127.0135977,37.58593544
메가엠지씨커피,서울특별시 성북구 동소문로22길 47,127.0184674,37.5910344
꿈꾸는리틀피플,서울특별시 성북구 정릉로32길 17,127.0167601,37.60213487
아임그린떡케이크하우스,서울특별시 성북구 성북로23나길 4,126.9928439,37.59233305
마놀린,서울특별시 성북구 화랑로13길 38,127.0419585,37.60501177
뉴뉴나나,서울특별시 성북구 삼선교로18길 23,127.013134,37.58887273
타입커피,서울특별시 성북구 화랑로32길 38,127.0568875,37.60870858
카페테인,서울특별시 성북구 솔샘로1길 19,127.0039072,37.60828074
모찌네콩떡빙수,서울특별시 성북구 장위로40라길 21,127.051317,37.61109876
텀브커피정릉점,서울특별시 성북구 정릉로 263,127.0129441,37.60410852
성신대역공인중개사사무소/부동산카페,서울특별시 성북구 동소문로 128,127.0188757,37.59401662
해로커피,서울특별시 성북구 성북로 19-3,127.0042686,37.5896122
카페안암동,서울특별시 성북구 고려대로22길 5,127.0289729,37.58592366
메가엠지씨커피하월곡동점,서울특별시 성북구 오패산로3길 3,127.036839,37.60368001
카페옆에,서울특별시 성북구 아리랑로 23,127.015864,37.59488201
오페라,서울특별시 성북구 보문로30길 80,127.0201205,37.59107918
더하우스,서울특별시 성북구 보국문로27길 14,127.0050856,37.61567782
민카인드,서울특별시 성북구 동소문로6길 4-19,127.0072236,37.58842274
디자인정인플러스,서울특별시 성북구 성북로15길 32,126.9992527,37.59270268
더벤티정릉,서울특별시 성북구 서경로 77,127.0147233,37.61009989
카페아띠,서울특별시 성북구 북악산로29길 6,127.0351805,37.5926614
액션플랜,서울특별시 성북구 정릉로10길 108,126.9981088,37.60502822
빈스앤타임,서울특별시 성북구 화랑로5길 90,127.0405775,37.60619255
일번가커피숍,서울특별시 성북구 보문로 62-10,127.0223594,37.58115884
코코베이글앤,서울특별시 성북구 보문로32길 69,127.0199958,37.59060167
멜랑슈,서울특별시 성북구 아리랑로2길 5,127.0167468,37.59331416
카페플라워,서울특별시 성북구 성북로4길 52,127.0127047,37.59446794
플러스82서울,서울특별시 성북구 돌곶이로27길 71,127.0523132,37.6103505
위엘브,서울특별시 성북구 고려대로 117,127.0323131,37.58654448
카페무아,서울특별시 성북구 보문로30나길 8-1,127.0203806,37.58982675
더벤티종암,서울특별시 성북구 종암로 124,127.0336897,37.60130234
탐앤탐스고대점,서울특별시 성북구 고려대로24길 63,127.0296285,37.58337369
할리스커피고대안암,서울특별시 성북구 고려대로 73,127.0263013,37.58723072
커피빈고대안암역점,서울특별시 성북구 개운사길 12,127.0294601,37.5868876
장위뉴타운,서울특별시 성북구 장월로38길 4,127.0515483,37.61800023
현대미아,서울특별시 성북구 동소문로 315,127.0287438,37.60840345
성신여대,서울특별시 성북구 동소문로24길 12,127.0184113,37.59315174
종암DT,서울특별시 성북구 종암로 17,127.0360973,37.59190429
성신여대정문,서울특별시 성북구 보문로34길 62,127.0188636,37.59083612
미아,서울특별시 성북구 동소문로 314,127.029355,37.60762845
한성대입구역,서울특별시 성북구 성북로 11,127.0049253,37.58905356
투썸플레이스돌곶이역점,서울특별시 성북구 화랑로 237,127.0556884,37.61055618
카페센트&차차커피코고려대국제관점,서울특별시 성북구 안암로 145,127.0316913,37.58869802
커피빈고대안암병원,서울특별시 성북구 고려대로 73,127.0263013,37.58723072
고대안암병원,서울특별시 성북구 고려대로 73,127.0263013,37.58723072
진한커피,서울특별시 성북구 보문로37길 15,127.0129645,37.590918
국민우유 성북점,서울특별시 성북구 동소문로 115-2,127.0176754,37.59359334
고려대차차커피코,서울특별시 성북구 안암로 145,127.0316913,37.58869802
대나무 다방,서울특별시 성북구 안암로 73-3,127.0289265,37.58305851
성신여대입구역,서울특별시 성북구 동소문로 102,127.0164636,37.59264747
길음뉴타운,서울특별시 성북구 길음로 11,127.0234647,37.60380056
커피빈한성대입구역점,서울특별시 성북구 삼선교로 12,127.007133,37.58758483
안암역,서울특별시 성북구 고려대로 102-2,127.0307618,37.58610341
더라운지커피클럽,서울특별시 성북구 정릉로10길 107,126.9985844,37.60505526
투썸플레이스,서울특별시 성북구 종암로 103,127.0340399,37.5993561
선데이테라스,서울특별시 성북구 월곡로 49,127.03884,37.59689491
길음역,서울특별시 성북구 정릉로 376,127.0253213,37.60201621
메가엠지씨커피서울정덕초점,서울특별시 성북구 아리랑로5길 1,127.0151282,37.59635973
룸메이트,서울특별시 성북구 보문로34길 59,127.0185806,37.59111547
버블티킹,서울특별시 성북구 고려대로 88,127.0290182,37.58613989
르아브르,서울특별시 성북구 서경로 102,127.0134665,37.61190202
책일기장,서울특별시 성북구 보문로21가길 29,127.0186914,37.5815379
빽다방월곡래미안점,서울특별시 성북구 오패산로 98,127.0356534,37.61085225
메가엠지씨커피돈암한신점,서울특별시 성북구 성북로4길 52,127.0127047,37.59446794
메가엠지씨커피정릉역점,서울특별시 성북구 아리랑로19가길 4,127.0113584,37.60236977
몬도커피츄러스미아,서울특별시 성북구 숭인로 50,127.0285857,37.60961982
찹찹프레쉬,서울특별시 성북구 보문로30나길 40,127.0205168,37.5910701
카페일리터,서울특별시 성북구 장월로23길 48,127.0464508,37.6173266
다락,서울특별시 성북구 보문사길 20,127.0161788,37.584926
넵커피,서울특별시 성북구 고려대로8길 23,127.0216586,37.58488008
컴포즈커피길음뉴타운점,서울특별시 성북구 길음로 33,127.0220155,37.6050442
니트,서울특별시 성북구 장월로6길 5,127.0474877,37.60914521
금옥당,서울특별시 성북구 성북로21길 17,126.9969428,37.59280175
메가엠지씨커피월곡,서울특별시 성북구 오패산로 46,127.0387096,37.60747258
커인스커피,서울특별시 성북구 종암로21길 42,127.0334289,37.60057261
우아한과일＆커피길음점,서울특별시 성북구 삼양로 66,127.0232738,37.6089903
커피날에,서울특별시 성북구 보문로26길 57-3,127.0217613,37.58755601
달링커피,서울특별시 성북구 장월로23길 5-1,127.048217,37.61606451
마시뚜,서울특별시 성북구 동소문로15길 25,127.0138255,37.59352177
고대,서울특별시 성북구 고려대로24길 51,127.029708,37.58392327
투썸플레이스고대sk미래관점,서울특별시 성북구 안암로 145,127.0316913,37.58869802
카페베네고려대중앙,서울특별시 성북구 안암로 145,127.0316913,37.58869802
삼선교,서울특별시 성북구 동소문로 10,127.0073369,37.58872907
종암,서울특별시 성북구 종암로 122,127.0339615,37.60119414
빽다방종암동,서울특별시 성북구 종암로9길 71,127.0325098,37.59630217
미아이마트,서울특별시 성북구 도봉로 17,127.0298659,37.61085386
월곡역,서울특별시 성북구 화랑로 76,127.0404619,37.60183179
크레이저커피돈암점,서울특별시 성북구 동소문로 84,127.0145612,37.59205307
커피빈고대참살이길,서울특별시 성북구 고려대로24가길 25,127.0307728,37.58536459
아프로디테,서울특별시 성북구 동소문로24가길 16,127.0192714,37.59168298
수월커피,서울특별시 성북구 혜화로 88,126.9981883,37.59277474
카페여백,서울특별시 성북구 화랑로42길 52-8,127.0645592,37.61382225
한방전통차&커피,서울특별시 성북구 삼선교로14길 18,127.0100314,37.58735036
미니데이즈,서울특별시 성북구 보문로30길 74,127.0200864,37.59078186
빽다방정릉역점,서울특별시 성북구 정릉로26길 61,127.013193,37.602757
읍천리382정릉점,서울특별시 성북구 정릉로 251,127.0119137,37.6047213
메가엠지씨커피돌곶이역점,서울특별시 성북구 돌곶이로 66,127.0584964,37.6096268
메가엠지씨커피길음,서울특별시 성북구 삼양로 62,127.0233529,37.60861186
숙임당,서울특별시 성북구 보문로13가길 34-1,127.021035,37.58161859
무카바,서울특별시 성북구 성북로23길 3,126.9958331,37.59328825
이디야,서울특별시 성북구 종암로 105,127.0339607,37.59952731
블랑카페,서울특별시 성북구 고려대로 40,127.0235837,37.58630328
액츠29,서울특별시 성북구 돌곶이로27길 29-3,127.0540129,37.61162013
언더그라운드커피웍스정릉,서울특별시 성북구 정릉로6길 23,126.99513,37.61008269
카페한입,서울특별시 성북구 동소문로10길 25,127.0116622,37.58948556
컴포즈커피한성대입구역점,서울특별시 성북구 삼선교로 4,127.0064084,37.58799932
아뜰리에마미,서울특별시 성북구 보문로34나길 4,127.0206075,37.59158365
카페지오,서울특별시 성북구 동소문로24길 46,127.0186261,37.59177319
참좋다,서울특별시 성북구 성북로10가길 8-4,127.003261,37.59223412
다옴카페,서울특별시 성북구 동소문로20길 29-18,127.0176862,37.59139491
파도의숲,서울특별시 성북구 삼선교로24길 40,127.0163494,37.58840381
커피하우스그라페,서울특별시 성북구 월계로 52,127.0355631,37.61146495
하파리테일,서울특별시 성북구 정릉로 77,126.9985277,37.61029001
버본1967정릉점,서울특별시 성북구 보국문로 96,127.0079509,37.61269539
이아이세린,서울특별시 성북구 장월로 119,127.0487949,37.61643368
온로스트,서울특별시 성북구 길음로 11,127.0234647,37.60380056
오름,서울특별시 성북구 서경로 27,127.0148584,37.60626166
인하프,서울특별시 성북구 동소문로26라길 18-5,127.0211745,37.59470098
랑쿠,서울특별시 성북구 동소문로13길 25-2,127.0121269,37.59291829
카인드스타인성,서울특별시 성북구 고려대로7가길 40,127.0231423,37.58675386
커피에반하다,서울특별시 성북구 화랑로 76,127.0404619,37.60183179
버터에뜨,서울특별시 성북구 동소문로20다길 30-7,127.0184676,37.59191737
더벤티월곡,서울특별시 성북구 월계로 46,127.0348721,37.61119486
커피집,서울특별시 성북구 안암로 105,127.0314407,37.58511213
뿡어당,서울특별시 성북구 화랑로11길 11,127.0414137,37.60284958
메가엠지씨커피석관지구대,서울특별시 성북구 돌곶이로22길 79,127.0621444,37.61105751
무휼,서울특별시 성북구 보문로30가길 17,127.0206409,37.5893672
카페16온스고려대점,서울특별시 성북구 고려대로24길 56,127.0293116,37.58366208
빽다방미아사거리성북우체국점,서울특별시 성북구 동소문로 304,127.0286752,37.60690782
그릭엔젤요거트&아이스크림고려대점,서울특별시 성북구 고려대로 88,127.0290182,37.58613989
메가엠지씨커피장위자이레디언트점,서울특별시 성북구 돌곶이로 105,127.0553046,37.61225022
백억커피,서울특별시 성북구 돌곶이로 101,127.0556215,37.61196176
빽다방안암성북천점,서울특별시 성북구 고려대로8길 71,127.0224278,37.58278062
마이스윗서울,서울특별시 성북구 보문로38길 49,127.0164745,37.59082746
클라이네스,서울특별시 성북구 성북로14길 8,127.0013475,37.59373881
조르르,서울특별시 성북구 한천로81길 32,127.0598116,37.6114101
동소문로커피집,서울특별시 성북구 동소문로15길 8,127.0139952,37.59271086
커피에반하다돈암점,서울특별시 성북구 북악산로 912-1,127.0225562,37.59553865
요거프레소,서울특별시 성북구 오패산로 55,127.0363764,37.60712194
커피마마,서울특별시 성북구 숭인로2길 34,127.0232741,37.60999039
빈올로지,서울특별시 성북구 안암로 73-25,127.0283379,37.58335598
덕카페,서울특별시 성북구 화랑로25길 19,127.0519048,37.60941365
로터리다방,서울특별시 성북구 보국문로 7-6,127.0111097,37.605289
키다리아저씨,서울특별시 성북구 돌곶이로 49,127.0593901,37.60831091
먹방벤쳐스,서울특별시 성북구 한천로 578,127.0626996,37.61125544
메가엠지씨커피정릉,서울특별시 성북구 솔샘로 33,127.0050173,37.61049714
팔로스,서울특별시 성북구 고려대로24길 8,127.0292106,37.58580647
시소,서울특별시 성북구 고려대로10길 48,127.0221678,37.58387988
코무,서울특별시 성북구 고려대로7가길 1,127.0211042,37.58639384
오십일히비,서울특별시 성북구 안암로3길 51,127.0225519,37.58107772
카페무솔트,서울특별시 성북구 보문로34길 92,127.0203017,37.59125034
바나프레소돈암아리랑점,서울특별시 성북구 아리랑로 89,127.013623,37.60076576
버라이어티,서울특별시 성북구 고려대로8길 69,127.0223713,37.58291578
트리도로스터리,서울특별시 성북구 동소문로 129-2,127.0187287,37.59451219
카페아노츠,서울특별시 성북구 돌곶이로22길 33,127.0597769,37.61054517
솔리드웍스,서울특별시 성북구 고려대로30길 4,127.0309543,37.58604029
토리스낵,서울특별시 성북구 동소문로26나길 26,127.0195548,37.59277314
더벤티돌곶이역점,서울특별시 성북구 화랑로 245,127.0565267,37.61089816
우나코르다,서울특별시 성북구 돌곶이로 36-1,127.0605787,37.60758952
스프링스톤,서울특별시 성북구 보문로15길 35,127.0198119,37.58029434
애플망고,서울특별시 성북구 동소문로 31-1,127.0093638,37.59008042
스파츠,서울특별시 성북구 보문로30나길 29-1,127.020143,37.59070076
엠에스피커피,서울특별시 성북구 보문로 72,127.0215332,37.58186177
주니아샐러드&샌드위치길음역점,서울특별시 성북구 길음로 11,127.0235439,37.60371044
크레마노,서울특별시 성북구 화랑로 109,127.0436001,37.60405612
성북천카페,서울특별시 성북구 삼선교로 10,127.0069066,37.58773801
텀블리나커피,서울특별시 성북구 화랑로13길 42-6,127.042004,37.60528205
픽어툴,서울특별시 성북구 성북로5길 6,127.0046309,37.58918872
브라운헤이븐,서울특별시 성북구 동소문로6길 4-14,127.0073595,37.58862996
로이커피,서울특별시 성북구 보문로21길 14,127.0196202,37.58324062
더비즈랩성신여대수하루점,서울특별시 성북구 보문로34다길 2,127.0221474,37.59164644
헤이미쉬HEIMISH,서울특별시 성북구 삼양로 73-1,127.0225718,37.60963914
럭키스팟한예종점,서울특별시 성북구 화랑로32길 17,127.0564238,37.60953772
컴포즈커피,서울특별시 성북구 동소문로24길 9,127.0186378,37.59326883
봉명동내커피,서울특별시 성북구 종암로21길 67,127.0323535,37.60128469
유어프레소,서울특별시 성북구 장위로15길 37,127.0423044,37.61583252
에프비코퍼레이션,서울특별시 성북구 북악산로 537-14,126.9980409,37.60258654
해브히어커피로스터스,서울특별시 성북구 숭인로 50,127.0279741,37.60980017
나이스카페인클럽고대,서울특별시 성북구 고려대로28길 6,127.0303994,37.58594132
러피,서울특별시 성북구 화랑로13길 79-2,127.040759,37.606661
포르티시모,서울특별시 성북구 월곡로 35,127.0381487,37.59575088
블랑쉬,서울특별시 성북구 보문로 56,127.0222686,37.58045608
디어드립랩,서울특별시 성북구 성북로23길 22-2,126.9948933,37.59296386
컴포즈커피고대안암,서울특별시 성북구 안암로9가길 80-1,127.0284055,37.58252705
몽아미,서울특별시 성북구 오패산로 23,127.0372018,37.6044097
더벤티,서울특별시 성북구 북악산로 1064,127.0359956,37.59239085
매머드익스프레스국민대,서울특별시 성북구 정릉로9길 26,126.999445,37.60978546
요일리성북,서울특별시 성북구 종암로 132,127.0335201,37.60191506
선호,서울특별시 성북구 동소문로26가길 28,127.0204952,37.59484526
디저트라인업,서울특별시 성북구 동소문로 304,127.0286752,37.60690782
카페로뎀,서울특별시 성북구 안암로7길 66,127.0234353,37.58236597
바스크,서울특별시 성북구 삼양로9길 10-2,127.0225488,37.60860301
날아라코끼리,서울특별시 성북구 창경궁로43길 22,127.0042119,37.5889725
구점일사,서울특별시 성북구 오패산로5길 9-14,127.0363187,37.60494156
몽당협동조합,서울특별시 성북구 성북로4길 177,127.0087191,37.59587385
에이미스커피한예종점,서울특별시 성북구 화랑로32가길 13,127.0557213,37.60909656
버터글로브,서울특별시 성북구 돌곶이로41가길 14-12,127.0445034,37.61866082
매머드익스프레스길음역점,서울특별시 성북구 정릉로 388,127.0256272,37.60247565
쳌커피,서울특별시 성북구 화랑로 115-15,127.0439403,37.60481283
메가엠지씨커피장위전통,서울특별시 성북구 화랑로25길 15,127.0520519,37.60923339
러츠커피숍,서울특별시 성북구 숭인로16길 3,127.0297759,37.61219636
아모르파티,서울특별시 성북구 월곡로18길 7,127.042002,37.60172314
투썸플레이스한성대입구역점,서울특별시 성북구 동소문로 6,127.0070312,37.58859394
빽다방한예종석관점,서울특별시 성북구 화랑로32길 149,127.060395,37.60449922
티히커피,서울특별시 성북구 오패산로 31,127.0369529,37.60495938
히도커피,서울특별시 성북구 창경궁로43길 27,127.0038949,37.58913468
올가콘라라,서울특별시 성북구 동소문로20길 16,127.0164634,37.59187262
퍼프케이크하우스,서울특별시 성북구 보문로13다길 27-8,127.0195064,37.58088004
덤브다이버,서울특별시 성북구 아리랑로19길 30,127.0118001,37.60256794
플럼비,서울특별시 성북구 보문로34길 95,127.0205735,37.59142148
제로어클락,서울특별시 성북구 종암로25길 22-29,127.0316289,37.60168132
그라미,서울특별시 성북구 동소문로22길 16,127.0176184,37.59225988
보스톤,서울특별시 성북구 창경궁로 327,127.0055819,37.58853095
웰컴카페,서울특별시 성북구 고려대로1길 93,127.0171082,37.58907945
아덴블랑제리미아,서울특별시 성북구 종암로40길 37,127.0320739,37.60965496
크롭커피,서울특별시 성북구 보문로34길 31,127.0171086,37.59071025
메가엠지씨커피성북보문점,서울특별시 성북구 보문로 88,127.0208203,37.58317735
투썸플레이스월곡역코업,서울특별시 성북구 화랑로 76,127.0404619,37.60183179
혜화문아래,서울특별시 성북구 창경궁로43길 16,127.0043704,37.5887112
매머드익스프레스현대,서울특별시 성북구 동소문로47길 12,127.0290497,37.60894397
스톤앤카페;스톤앤짐,서울특별시 성북구 종암로 66,127.035805,37.59630121
달다곰이,서울특별시 성북구 보문로34길 69,127.0190562,37.59129559
과일에반하다;프루타고대점,서울특별시 성북구 고려대로24길 39,127.0295723,37.58440984
마리프,서울특별시 성북구 동소문로7길 12,127.0089788,37.59044085
강또커피,서울특별시 성북구 동소문로24길 37,127.0189092,37.59198037
오디너리커피랩,서울특별시 성북구 삼선교로4길 15,127.0069858,37.58708929
안다미로팬케이크,서울특별시 성북구 동소문로20나길 22,127.0179694,37.59222378
우지커피길음롯데,서울특별시 성북구 서경로 60,127.0154594,37.60992861
요아정동덕여대점,서울특별시 성북구 화랑로13길 8,127.0428298,37.60373205
성북시니어클럽커피정원성북50+,서울특별시 성북구 지봉로24길 26,127.019326,37.58387137
쿠키앤베이커리마피,서울특별시 성북구 동소문로26다길 26,127.0204839,37.59504348
물,서울특별시 성북구 고려대로 23,127.021693,37.58631265
뭉베이크샵,서울특별시 성북구 동소문로26가길 10,127.0199289,37.59443991
슬로카페달팽이,서울특별시 성북구 솔샘로18길 84,127.0085394,37.60934367
크레이지빙수,서울특별시 성북구 보문로30가길 41-5,127.0220222,37.58936695
담다,서울특별시 성북구 삼선교로14길 78,127.0104047,37.58471042
투썸플레이스정릉,서울특별시 성북구 정릉로 262,127.012174,37.60366711
디에타,서울특별시 성북구 동소문로20길 37-10,127.0174596,37.59093544
메가엠지씨커피길음뉴타운점,서울특별시 성북구 길음로 33,127.0220155,37.6050442
타래퀸,서울특별시 성북구 종암로19길 17,127.0337563,37.59815786
차담,서울특별시 성북구 정릉로 77,126.9985277,37.61029001
만리동커피,서울특별시 성북구 보문로36길 18,127.0151385,37.59091774
더벤티고대점,서울특별시 성북구 고려대로24길 45,127.0295836,37.58423865
이어럽,서울특별시 성북구 솔샘로4길 27,127.0062629,37.60872213
커피브론즈로스터스,서울특별시 성북구 삼양로 39,127.0237147,37.60653952
카페셀렉토,서울특별시 성북구 화랑로 248,127.0569114,37.61040243
아임요거트&아이스크림,서울특별시 성북구 보문로31길 36,127.0147982,37.58813372
감성달빛,서울특별시 성북구 보문로30가길 27-2,127.0213768,37.58927697
메가엠지씨커피,서울특별시 성북구 화랑로13길 7,127.0425467,37.60375017
카페르와쥬,서울특별시 성북구 종암로22길 41,127.0360562,37.60058985
비테라스고대점,서울특별시 성북구 고려대로26길 63,127.0297418,37.58346376
매머드익스프레스동소문점,서울특별시 성북구 아리랑로 15,127.0159204,37.59423329
듀오,서울특별시 성북구 삼선교로24길 37,127.0164401,37.588584
꽁카페,서울특별시 성북구 화랑로13가길 110-10,127.0409761,37.61014775
블레싱,서울특별시 성북구 화랑로 192,127.0518809,37.60768376
어나더굿뉴스,서울특별시 성북구 정릉로36길 61,127.0152766,37.60223418
더코너샵,서울특별시 성북구 동소문로26라길 25,127.0207557,37.59499838
쌍커쌍문동커피,서울특별시 성북구 오패산로17길 8,127.0356409,37.60850067
엘리커피,서울특별시 성북구 월곡로 58,127.0394631,37.59749837
강월국제,서울특별시 성북구 고려대로 101,127.030694,37.58650887
컴포즈커피정릉아리랑점,서울특별시 성북구 북악산로 851,127.0186055,37.60013439
킵업커피로스터스,서울특별시 성북구 삼선교로 24,127.008503,37.5876388
블룸오아낫,서울특별시 성북구 동소문로32길 8,127.0219111,37.59652986
정베이커리카페,서울특별시 성북구 솔샘로18길 58,127.0081771,37.61033478
스트렝스커피장위뉴타운점,서울특별시 성북구 장월로 134,127.0501206,37.6171359
만나플러스지사.만나카페,서울특별시 성북구 고려대로2길 37,127.0208546,37.58437566
공차고려대중앙,서울특별시 성북구 안암로 145,127.0316913,37.58869802
메가엠지씨커피길음역롯데,서울특별시 성북구 길음로 11,127.0235439,37.60371044
메가엠지씨커피,서울특별시 성북구 장위로 56,127.0427903,37.61385918
언덕카페,서울특별시 성북구 아리랑로5길 92,127.0115503,37.59845945
차차커피코성신여대역점,서울특별시 성북구 동소문로 119,127.0179019,37.59380954
아마스빈,서울특별시 성북구 보문로34길 69,127.0190562,37.59129559
하늘꿈터,서울특별시 성북구 장위로15길 73,127.0438907,37.61690412
크레페마스터,서울특별시 성북구 안암로 69,127.0289263,37.58255396
화랑로33길,서울특별시 성북구 화랑로33길 15,127.0554848,37.61099776
메가엠지씨커피성북구청,서울특별시 성북구 동소문로 69,127.0129307,37.59195415
미아중앙카페,서울특별시 성북구 삼양로4길 14,127.0251754,37.6059806
이디야커피고대점,서울특별시 성북구 고려대로24길 35,127.0295611,37.58466212
프럼크릭이디지이,서울특별시 성북구 성북로 149-1,126.9931042,37.59437832
카페바틈,서울특별시 성북구 동소문로 37,127.0099639,37.59035968
조산책,서울특별시 성북구 보문로17길 19,127.0202198,37.58142052
필링커피,서울특별시 성북구 보국문로16길 60,127.0100688,37.61242493
에밀리아젤라또미아,서울특별시 성북구 숭인로 50,127.0285857,37.60961982
리얼타코야끼성,서울특별시 성북구 보국문로2길 7,127.0121176,37.60491048
카페인중독,서울특별시 성북구 동소문로20나길 47,127.0191472,37.59305251
재즈피넛,서울특별시 성북구 고려대로28길 5,127.0305467,37.58604039
일구팔구,서울특별시 성북구 숭인로2길 48,127.0234665,37.60943174
와플앨리,서울특별시 성북구 고려대로28길 21,127.0310786,37.58551768
와플앨리,서울특별시 성북구 개운사길 42-3,127.0294041,37.58847336
문샤워,서울특별시 성북구 보문로 184-6,127.015161,37.59062942
이디야길음뉴타운점,서울특별시 성북구 길음로 74,127.0206921,37.61082879
매머드익스프레스성북,서울특별시 성북구 보문로32길 6,127.0170289,37.58913352
콜렉트마이페이보릿,서울특별시 성북구 고려대로8길 33,127.0218056,37.58442955
키즈더웨이브성북길음비치점,서울특별시 성북구 도봉로 11,127.029877,37.61025019
내음성,서울특별시 성북구 보문로25길 11,127.0181491,37.586088
바나프레소길음역점,서울특별시 성북구 길음로 11,127.0235439,37.60371044
아그로타타마,서울특별시 성북구 성북로4길 52,127.0127047,37.59446794
하우투,서울특별시 성북구 동소문로22길 29-5,127.0182637,37.59178225
대단한싹제빵소,서울특별시 성북구 화랑로 112,127.0443587,37.60380356
브라비,서울특별시 성북구 한천로79길 34-6,127.0603549,37.61099537
우사기의비망록,서울특별시 성북구 보문로15길 33,127.0199251,37.58032135
아해,서울특별시 성북구 동소문로13길 25-2,127.0121269,37.59291829
카페잇트,서울특별시 성북구 성북로6길 8-2,127.005265,37.58968424
컴포즈커피동덕여대점,서울특별시 성북구 화랑로11길 37,127.0422184,37.6039395
파운드커피고대하나,서울특별시 성북구 안암로 145,127.0317252,37.58849078
루틴,서울특별시 성북구 보문로34가길 6,127.020132,37.59170987
파운드커피고대중앙,서울특별시 성북구 안암로 145,127.0317252,37.58849078
랠리쉬커피,서울특별시 성북구 아리랑로4길 8,127.0166225,37.59448547
푸에블로,서울특별시 성북구 고려대로6길 80,127.0218956,37.5823122
투미프롬미,서울특별시 성북구 고려대로7길 52,127.0200178,37.588178
스페이스코르보문점,서울특별시 성북구 고려대로2길 37,127.0208546,37.58437566
스누즈,서울특별시 성북구 삼선교로16길 52,127.0108238,37.58607088
텐퍼센트커피,서울특별시 성북구 동소문로 186,127.0220136,37.59859311
이디야돌곶이역점,서울특별시 성북구 돌곶이로22길 3,127.0581005,37.61019462
싱싱주스고려대점,서울특별시 성북구 안암로 145,127.0317252,37.58849078
더빈마켓,서울특별시 성북구 동소문로13길 13,127.0125685,37.59240468
매머드익스프레스,서울특별시 성북구 보문로34길 87,127.0201885,37.59146659
플러스82,서울특별시 성북구 동소문로20다길 3,127.0168484,37.59166533
카페마리,서울특별시 성북구 보국문로 164,127.0032281,37.61699333
데이롱카페성북정릉점,서울특별시 성북구 솔샘로6길 36,127.007203,37.60939782
로터스그린,서울특별시 성북구 동소문로6길 11,127.0083446,37.58872901
누하주,서울특별시 성북구 창경궁로43길 17,127.00411,37.58878329
데이스타,서울특별시 성북구 삼선교로16길 66,127.010869,37.5853681
요지트,서울특별시 성북구 보문로32길 69,127.0199958,37.59060167
요지트,서울특별시 성북구 장월로1길 70,127.0444731,37.6056956
이디야커피한성대점,서울특별시 성북구 삼선교로10길 45,127.01002,37.58618808
빽다방장위뉴타운점,서울특별시 성북구 장월로 140,127.0506871,37.61750506
온디앨리,서울특별시 성북구 돌곶이로14길 49,127.0624144,37.60887698
뚜띠테이블,서울특별시 성북구 보국문로8길 15,127.0113479,37.60746036
원오프카페,서울특별시 성북구 동소문로22길 57-4,127.0188296,37.59052078
메가엠지씨커피성북세무서점,서울특별시 성북구 삼선교로16길 1,127.010575,37.58827833
메가엠지씨커피석계,서울특별시 성북구 한천로78길 71,127.0649667,37.61356074
마가밀,서울특별시 성북구 고려대로8길 35,127.0218283,37.58434846
커피마마퀸,서울특별시 성북구 돌곶이로27길 5,127.054942,37.61213326
하늘연달,서울특별시 성북구 종암로30길 8,127.0332373,37.6026089
컴포즈커피북한산보국문점,서울특별시 성북구 보국문로 86,127.008551,37.61191149
카페브니엘,서울특별시 성북구 돌곶이로23길 17,127.0568317,37.60980782
메가엠지씨커피정릉보국문점,서울특별시 성북구 보국문로 77,127.0086189,37.61114564
조이무인카페,서울특별시 성북구 종암로 147,127.0320145,37.60304171
까페헤더그로브,서울특별시 성북구 동소문로24길 45,127.0187732,37.59167405
카페클라츠,서울특별시 성북구 보문로30나길 37,127.0203017,37.59107915
라파파라,서울특별시 성북구 한천로78길 49,127.0645695,37.612687
예그리나,서울특별시 성북구 월곡로 2,127.0368109,37.59256179
카페수,서울특별시 성북구 장위로21다길 76,127.046847,37.61691199
잔상,서울특별시 성북구 동소문로10길 33,127.0118772,37.58909811
디스앤댓,서울특별시 성북구 월곡로18길 18,127.0424888,37.60152474
투썸플레이스고대참살이길점,서울특별시 성북구 고려대로26길 42-15,127.0290967,37.58419372
싱글벙글,서울특별시 성북구 종암로14길 12-16,127.036258,37.59649028
카페헤세드,서울특별시 성북구 삼선교로16가길 41,127.0120803,37.58449402
베러먼데이,서울특별시 성북구 보문로34길 63,127.0186486,37.59121457